# phi,NU_raw_pct,NU_2point_pct,NU_1point_pct,mean_corrected
100.0,13.3551,0.8569,0.8379,100.0043
110.0,13.1104,0.7797,1.3240,110.0082
120.0,12.9201,0.7447,2.1031,120.0118
130.0,12.7691,0.7309,2.8209,130.0149
140.0,12.6475,0.7250,3.4523,140.0176
150.0,12.5481,0.7195,4.0063,150.0199
160.0,12.4660,0.7108,4.4945,160.0217
170.0,12.3976,0.6972,4.9277,170.0232
180.0,12.3401,0.6783,5.3145,180.0243
190.0,12.2916,0.6543,5.6621,190.0249
200.0,12.2505,0.6254,5.9763,200.0252
210.0,12.2156,0.5924,6.2620,210.0250
220.0,12.1861,0.5558,6.5230,220.0245
230.0,12.1610,0.5165,6.7627,230.0235
240.0,12.1400,0.4755,6.9838,240.0221
250.0,12.1224,0.4338,7.1886,250.0203
260.0,12.1079,0.3931,7.3790,260.0181
270.0,12.0962,0.3553,7.5568,270.0155
280.0,12.0870,0.3233,7.7233,280.0125
290.0,12.0800,0.3006,7.8799,290.0091
300.0,12.0752,0.2912,8.0276,300.0052
