# TEC step response 25.0 -> -20.0 C, sampled every 200 ms
# t_s,T_no_aw_C,T_clamping_C,T_backcalc_C,u_clamping_W
0.00,25.00000,25.00000,25.00000,-30.00000
0.20,25.00000,25.00000,25.00000,-30.00000
0.40,24.85019,24.85019,24.85019,-30.00000
0.60,23.37248,23.37248,23.37248,-30.00000
0.80,21.93126,21.93126,21.93126,-30.00000
1.00,20.52562,20.52562,20.52562,-30.00000
1.20,19.15469,19.15469,19.15469,-30.00000
1.40,17.81760,17.81760,17.81760,-30.00000
1.60,16.51353,16.51353,16.51353,-30.00000
1.80,15.24166,15.24166,15.24166,-30.00000
2.00,14.00119,14.00119,14.00119,-30.00000
2.20,12.79135,12.79135,12.79135,-30.00000
2.40,11.61137,11.61137,11.61137,-30.00000
2.60,10.46053,10.46053,10.46053,-30.00000
2.80,9.33811,9.33811,9.33811,-30.00000
3.00,8.24340,8.24340,8.24340,-30.00000
3.20,7.17571,7.17571,7.17571,-30.00000
3.40,6.13439,6.13439,6.13439,-30.00000
3.60,5.11878,5.11878,5.11878,-30.00000
3.80,4.12824,4.12824,4.12824,-30.00000
4.00,3.16216,3.16216,3.16216,-30.00000
4.20,2.21994,2.21994,2.21994,-30.00000
4.40,1.30097,1.30097,1.30097,-30.00000
4.60,0.40470,0.40470,0.40470,-30.00000
4.80,-0.46945,-0.46945,-0.46945,-30.00000
5.00,-1.32201,-1.32201,-1.32201,-30.00000
5.20,-2.15352,-2.15352,-2.15352,-30.00000
5.40,-2.96450,-2.96450,-2.96450,-30.00000
5.60,-3.75546,-3.75546,-3.75546,-30.00000
5.80,-4.52689,-4.52689,-4.52689,-30.00000
6.00,-5.27928,-5.27928,-5.27928,-30.00000
6.20,-6.01308,-6.01308,-6.01308,-30.00000
6.40,-6.72877,-6.72877,-6.72877,-30.00000
6.60,-7.42679,-7.42679,-7.42679,-30.00000
6.80,-8.10758,-8.10758,-8.10758,-30.00000
7.00,-8.77155,-8.77155,-8.77155,-30.00000
7.20,-9.41914,-9.41914,-9.41914,-30.00000
7.40,-10.05073,-10.05073,-10.05073,-30.00000
7.60,-10.66673,-10.66673,-10.66673,-30.00000
7.80,-11.26752,-11.26752,-11.26752,-30.00000
8.00,-11.85348,-11.85348,-11.85348,-30.00000
8.20,-12.42497,-12.42497,-12.42497,-30.00000
8.40,-12.98235,-12.98235,-12.98235,-30.00000
8.60,-13.52596,-13.52596,-13.52596,-30.00000
8.80,-14.05616,-14.05616,-14.05616,-30.00000
9.00,-14.57327,-14.57327,-14.57327,-29.98650
9.20,-15.07760,-15.07760,-15.07760,-29.78900
9.40,-15.56949,-15.56533,-15.56949,-29.71400
9.60,-16.04923,-16.03482,-16.04923,-29.49850
9.80,-16.51713,-16.49172,-16.51713,-29.10050
10.00,-16.97347,-16.92977,-16.97347,-28.57700
10.20,-17.41855,-17.34150,-17.41855,-27.98900
10.40,-17.85263,-17.71993,-17.85263,-27.35050
10.60,-18.27600,-18.06076,-18.27600,-26.67900
10.80,-18.68892,-18.36158,-18.68892,-26.09400
11.00,-19.09164,-18.62261,-19.09164,-25.51650
11.20,-19.48442,-18.84642,-19.48442,-25.01500
11.40,-19.86750,-19.03631,-19.86750,-24.60650
11.60,-20.24113,-19.19597,-20.24113,-24.25900
11.80,-20.60552,-19.32889,-20.60552,-23.93700
12.00,-20.96092,-19.43960,-20.94127,-23.70200
12.20,-21.30755,-19.53155,-21.17819,-23.51500
12.40,-21.64562,-19.60778,-21.30684,-23.33550
12.60,-21.97534,-19.67105,-21.33746,-23.17050
12.80,-22.29692,-19.72382,-21.29228,-23.07550
13.00,-22.61056,-19.76790,-21.19588,-23.00550
13.20,-22.91646,-19.80487,-21.07048,-22.91500
13.40,-23.21480,-19.83580,-20.93350,-22.85750
13.60,-23.50578,-19.86169,-20.79782,-22.78500
13.80,-23.78957,-19.88373,-20.67111,-22.75000
14.00,-24.06636,-19.90196,-20.55845,-22.70500
14.20,-24.33631,-19.91730,-20.46090,-22.65150
14.40,-24.59960,-19.93026,-20.37872,-22.64000
14.60,-24.85638,-19.94116,-20.31015,-22.62300
14.80,-25.10683,-19.95018,-20.25460,-22.60100
15.00,-25.35109,-19.95801,-20.20936,-22.57450
15.20,-25.58933,-19.96467,-20.17295,-22.59450
15.40,-25.82168,-19.97020,-20.14361,-22.56050
15.60,-26.04829,-19.97516,-20.11958,-22.57550
15.80,-26.26931,-19.97867,-20.10016,-22.42700
16.00,-26.48487,-19.98259,-20.08426,-22.42700
16.20,-26.69511,-19.97942,-20.07093,-22.42700
16.40,-26.90016,-19.97632,-20.05958,-22.42700
16.60,-27.10014,-19.97330,-20.05057,-22.58300
16.80,-27.29519,-19.97036,-20.04273,-22.59800
17.00,-27.48542,-19.97129,-20.03629,-22.61300
17.20,-27.67096,-19.97650,-20.03071,-22.47650
17.40,-27.85191,-19.98233,-20.02594,-22.47650
17.60,-28.02840,-19.98725,-20.02209,-22.47650
17.80,-28.20053,-19.98641,-20.01831,-22.47650
18.00,-28.36841,-19.98558,-20.02004,-22.47650
18.20,-28.53214,-19.98478,-20.02316,-22.47650
18.40,-28.69184,-19.98399,-20.02621,-22.47650
18.60,-28.84759,-19.98323,-20.02918,-22.47650
18.80,-28.99949,-19.98248,-20.02982,-22.47650
19.00,-29.14764,-19.98175,-20.02474,-22.47650
19.20,-29.29214,-19.98104,-20.01904,-22.47650
19.40,-29.43307,-19.98035,-20.01274,-22.47650
19.60,-29.57051,-19.97968,-20.01361,-22.47650
19.80,-29.70457,-19.97902,-20.01445,-22.47650
20.00,-29.83531,-19.97837,-20.01526,-22.47650
20.20,-29.96283,-19.97775,-20.01606,-22.47650
20.40,-30.08720,-19.97714,-20.01684,-22.47650
20.60,-30.20849,-19.97654,-20.01760,-22.47650
20.80,-30.32680,-19.97596,-20.01834,-22.47650
21.00,-30.44218,-19.97539,-20.01906,-22.47650
21.20,-30.55471,-19.97484,-20.01977,-22.62800
21.40,-30.66447,-19.97430,-20.02046,-22.64300
21.60,-30.77151,-19.97528,-20.02113,-22.65800
21.80,-30.87591,-19.98262,-20.02178,-22.50950
22.00,-30.97774,-19.99052,-20.02242,-22.50950
22.20,-31.07705,-19.99122,-20.02304,-22.50950
22.40,-31.17391,-19.99191,-20.02365,-22.50950
22.60,-31.26837,-19.99258,-20.02424,-22.50950
22.80,-31.36051,-19.99323,-20.02482,-22.50950
23.00,-31.45037,-19.99386,-20.02538,-22.50950
23.20,-31.53801,-19.99449,-20.02593,-22.50950
23.40,-31.62348,-19.99509,-20.02188,-22.50950
23.60,-31.70685,-19.99568,-20.01433,-22.50950
23.80,-31.78816,-19.99626,-20.00926,-22.50950
24.00,-31.86746,-19.99682,-20.00857,-22.50950
24.20,-31.94480,-19.99737,-20.00791,-22.50950
24.40,-32.02023,-19.99790,-20.00726,-22.50950
24.60,-32.09381,-19.99842,-20.00663,-22.50950
24.80,-32.16556,-19.99893,-20.00601,-22.50950
25.00,-32.23554,-19.99942,-20.00541,-22.50950
25.20,-32.30380,-19.99991,-20.00482,-22.50950
25.40,-32.37037,-20.00038,-20.00424,-22.50950
25.60,-32.43529,-20.00084,-20.00369,-22.50950
25.80,-32.49862,-20.00129,-20.00314,-22.50950
26.00,-32.56037,-20.00172,-20.00261,-22.50950
26.20,-32.62061,-20.00215,-20.00209,-22.50950
26.40,-32.67936,-20.00257,-20.00158,-22.50950
26.60,-32.73665,-20.00297,-20.00109,-22.50950
26.80,-32.79254,-20.00337,-20.00061,-22.50950
27.00,-32.84704,-20.00375,-20.00014,-22.50950
27.20,-32.90019,-20.00413,-19.99968,-22.50950
27.40,-32.95204,-20.00450,-19.99924,-22.50950
27.60,-33.00260,-20.00486,-19.99880,-22.50950
27.80,-33.05192,-20.00521,-19.99838,-22.50950
28.00,-33.10002,-20.00555,-19.99796,-22.50950
28.20,-33.14693,-20.00588,-19.99756,-22.50950
28.40,-33.19268,-20.00620,-19.99717,-22.50950
28.60,-33.23730,-20.00652,-19.99678,-22.50950
28.80,-33.28082,-20.00683,-19.99641,-22.50950
29.00,-33.32327,-20.00713,-19.99604,-22.50950
29.20,-33.36467,-20.00742,-19.99569,-22.50950
29.40,-33.40505,-20.00771,-19.99534,-22.50950
29.60,-33.44443,-20.00798,-19.99500,-22.50950
29.80,-33.48283,-20.00826,-19.99467,-22.50950
30.00,-33.52029,-20.00852,-19.99435,-22.50950
30.20,-33.55683,-20.00878,-19.99403,-22.50950
30.40,-33.59246,-20.00903,-19.99372,-22.50950
30.60,-33.62721,-20.00928,-19.99343,-22.50950
30.80,-33.56991,-20.00952,-19.99313,-22.50950
31.00,-33.18254,-20.00975,-19.99285,-22.50950
31.20,-32.46399,-20.00998,-19.99257,-22.50950
31.40,-31.47812,-20.01020,-19.99230,-22.50950
31.60,-30.32423,-20.01042,-19.99204,-22.50950
31.80,-29.09810,-20.01063,-19.99178,-22.50950
32.00,-27.88109,-20.01084,-19.99153,-22.50950
32.20,-26.73184,-20.01104,-19.99128,-22.50950
32.40,-25.68632,-20.01124,-19.99104,-22.50950
32.60,-24.76281,-20.01143,-19.99081,-22.50950
32.80,-23.96554,-20.01162,-19.99058,-22.50950
33.00,-23.28926,-20.01180,-19.99036,-22.50950
33.20,-22.72395,-20.01198,-19.99015,-22.50950
33.40,-22.25577,-20.01215,-19.98994,-22.50950
33.60,-21.87045,-20.01232,-19.98973,-22.50950
33.80,-21.55477,-20.01248,-19.98953,-22.50950
34.00,-21.29586,-20.01264,-19.98933,-22.50950
34.20,-21.08354,-20.01280,-19.98914,-22.50950
34.40,-20.90836,-20.01295,-19.98896,-22.50950
34.60,-20.76359,-20.01310,-19.98878,-22.50950
34.80,-20.64325,-20.01325,-19.98860,-22.50950
35.00,-20.54250,-20.01339,-19.98843,-22.50950
35.20,-20.45784,-20.01353,-19.98826,-22.50950
35.40,-20.38698,-20.01367,-19.98809,-22.50950
35.60,-20.32694,-20.01380,-19.98793,-22.50950
35.80,-20.27611,-20.01393,-19.98778,-22.50950
36.00,-20.23310,-20.01405,-19.98762,-22.50950
36.20,-20.19623,-20.01417,-19.98748,-22.50950
36.40,-20.16514,-20.01429,-19.98733,-22.50950
36.60,-20.13907,-20.01441,-19.98719,-22.50950
36.80,-20.11709,-20.01452,-19.98705,-22.50950
37.00,-20.09864,-20.01463,-19.98692,-22.50950
37.20,-20.08308,-20.01474,-19.98679,-22.50950
37.40,-20.07014,-20.01485,-19.98666,-22.50950
37.60,-20.05898,-20.01495,-19.98653,-22.50950
37.80,-20.04971,-20.01505,-19.98641,-22.50950
38.00,-20.04186,-20.01515,-19.98629,-22.50950
38.20,-20.03517,-20.01524,-19.98618,-22.50950
38.40,-20.02962,-20.01533,-19.98606,-22.50950
38.60,-20.02464,-20.01542,-19.98595,-22.50950
38.80,-20.02111,-20.01551,-19.98585,-22.50950
39.00,-20.01717,-20.01560,-19.98574,-22.50950
39.20,-20.02032,-20.01568,-19.98564,-22.50950
39.40,-20.02340,-20.01576,-19.98554,-22.50950
39.60,-20.02641,-20.01584,-19.98544,-22.50950
39.80,-20.02933,-20.01592,-19.98535,-22.50950
40.00,-20.02916,-20.01600,-19.98526,-22.50950
40.20,-20.02398,-20.01607,-19.98517,-22.50950
40.40,-20.01819,-20.01614,-19.98508,-22.50950
40.60,-20.01255,-20.01621,-19.98499,-22.50950
40.80,-20.01338,-20.01628,-19.98491,-22.50950
41.00,-20.01418,-20.01635,-19.98483,-22.50950
41.20,-20.01497,-20.01642,-19.98475,-22.50950
41.40,-20.01573,-20.01648,-19.98467,-22.50950
41.60,-20.01648,-20.01654,-19.98460,-22.50950
41.80,-20.01721,-20.01660,-19.98452,-22.50950
42.00,-20.01792,-20.01666,-19.98445,-22.50950
42.20,-20.01861,-20.01672,-19.98438,-22.50950
42.40,-20.01929,-20.01678,-19.98431,-22.50950
42.60,-20.01995,-20.01683,-19.98424,-22.50950
42.80,-20.02059,-20.01688,-19.98418,-22.50950
43.00,-20.02122,-20.01694,-19.98412,-22.50950
43.20,-20.02183,-20.01699,-19.98405,-22.50950
43.40,-20.02243,-20.01704,-19.98399,-22.50950
43.60,-20.02301,-20.01709,-19.98393,-22.50950
43.80,-20.02358,-20.01713,-19.98388,-22.50950
44.00,-20.02413,-20.01718,-19.98382,-22.50950
44.20,-20.02467,-20.01722,-19.98377,-22.50950
44.40,-20.02520,-20.01727,-19.98371,-22.50950
44.60,-20.02571,-20.01731,-19.98366,-22.50950
44.80,-20.02395,-20.01735,-19.98361,-22.50950
45.00,-20.01653,-20.01739,-19.98356,-22.50950
45.20,-20.00930,-20.01743,-19.98351,-22.50950
45.40,-20.00858,-20.01747,-19.98347,-22.50950
45.60,-20.00787,-20.01751,-19.98342,-22.50950
45.80,-20.00718,-20.01755,-19.98337,-22.50950
46.00,-20.00651,-20.01758,-19.98333,-22.50950
46.20,-20.00586,-20.01762,-19.98329,-22.50950
46.40,-20.00522,-20.01765,-19.98325,-22.50950
46.60,-20.00460,-20.01768,-19.98321,-22.50950
46.80,-20.00399,-20.01772,-19.98317,-22.50950
47.00,-20.00340,-20.01775,-19.98313,-22.50950
47.20,-20.00282,-20.01778,-19.98309,-22.50950
47.40,-20.00226,-20.01781,-19.98305,-22.50950
47.60,-20.00171,-20.01784,-19.98302,-22.50950
47.80,-20.00117,-20.01787,-19.98298,-22.50950
48.00,-20.00065,-20.01790,-19.98295,-22.50950
48.20,-20.00014,-20.01792,-19.98292,-22.50950
48.40,-19.99964,-20.01795,-19.98288,-22.50950
48.60,-19.99916,-20.01798,-19.98285,-22.50950
48.80,-19.99868,-20.01800,-19.98282,-22.50950
49.00,-19.99822,-20.01803,-19.98279,-22.50950
49.20,-19.99777,-20.01805,-19.98276,-22.50950
49.40,-19.99733,-20.01807,-19.98273,-22.50950
49.60,-19.99691,-20.01810,-19.98271,-22.50950
49.80,-19.99649,-20.01812,-19.98268,-22.50950
50.00,-19.99608,-20.01814,-19.98265,-22.50950
50.20,-19.99568,-20.01816,-19.98263,-22.50950
50.40,-19.99530,-20.01818,-19.98260,-22.50950
50.60,-19.99492,-20.01820,-19.98258,-22.50950
50.80,-19.99455,-20.01822,-19.98255,-22.50950
51.00,-19.99419,-20.01824,-19.98253,-22.50950
51.20,-19.99384,-20.01826,-19.98251,-22.50950
51.40,-19.99350,-20.01828,-19.98248,-22.50950
51.60,-19.99317,-20.01830,-19.98246,-22.50950
51.80,-19.99284,-20.01831,-19.98244,-22.50950
52.00,-19.99252,-20.01833,-19.98242,-22.50950
52.20,-19.99221,-20.01835,-19.98240,-22.50950
52.40,-19.99191,-20.01836,-19.98238,-22.50950
52.60,-19.99162,-20.01838,-19.98236,-22.50950
52.80,-19.99133,-20.01839,-19.98234,-22.50950
53.00,-19.99105,-20.01841,-19.98233,-22.50950
53.20,-19.99078,-20.01842,-19.98231,-22.50950
53.40,-19.99051,-20.01844,-19.98229,-22.50950
53.60,-19.99025,-20.01845,-19.98227,-22.50950
53.80,-19.99000,-20.01847,-19.98226,-22.50950
54.00,-19.98975,-20.01848,-19.98224,-22.50950
54.20,-19.98951,-20.01849,-19.98223,-22.50950
54.40,-19.98928,-20.01850,-19.98221,-22.50950
54.60,-19.98905,-20.01852,-19.98220,-22.50950
54.80,-19.98883,-20.01853,-19.98218,-22.50950
55.00,-19.98861,-20.01854,-19.98217,-22.50950
55.20,-19.98839,-20.01855,-19.98215,-22.50950
55.40,-19.98819,-20.01856,-19.98214,-22.50950
55.60,-19.98799,-20.01857,-19.98213,-22.50950
55.80,-19.98779,-20.01858,-19.98211,-22.50950
56.00,-19.98760,-20.01859,-19.98210,-22.50950
56.20,-19.98741,-20.01860,-19.98209,-22.50950
56.40,-19.98723,-20.01861,-19.98208,-22.50950
56.60,-19.98705,-20.01862,-19.98207,-22.50950
56.80,-19.98687,-20.01863,-19.98205,-22.50950
57.00,-19.98670,-20.01864,-19.98204,-22.50950
57.20,-19.98654,-20.01865,-19.98203,-22.50950
57.40,-19.98638,-20.01866,-19.98202,-22.50950
57.60,-19.98622,-20.01867,-19.98201,-22.50950
57.80,-19.98607,-20.01868,-19.98200,-22.50950
58.00,-19.98592,-20.01868,-19.98199,-22.50950
58.20,-19.98577,-20.01869,-19.98198,-22.50950
58.40,-19.98563,-20.01870,-19.98197,-22.50950
58.60,-19.98549,-20.01871,-19.98196,-22.50950
58.80,-19.98535,-20.01871,-19.98196,-22.50950
59.00,-19.98522,-20.01872,-19.98195,-22.50950
59.20,-19.98509,-20.01873,-19.98194,-22.50950
59.40,-19.98497,-20.01873,-19.98193,-22.50950
59.60,-19.98484,-20.01874,-19.98192,-22.50950
59.80,-19.98472,-20.01875,-19.98191,-22.50950
60.00,-19.98461,-20.01875,-19.98191,-22.50950
60.20,-19.98449,-20.01876,-19.98190,-22.50950
60.40,-19.98438,-20.01877,-19.98189,-22.50950
60.60,-19.98427,-20.01877,-19.98189,-22.50950
60.80,-19.98417,-20.01878,-19.98188,-22.50950
61.00,-19.98407,-20.01878,-19.98187,-22.50950
61.20,-19.98397,-20.01879,-19.98187,-22.50950
61.40,-19.98387,-20.01879,-19.98186,-22.50950
61.60,-19.98377,-20.01880,-19.98185,-22.50950
61.80,-19.98368,-20.01880,-19.98185,-22.50950
62.00,-19.98359,-20.01881,-19.98184,-22.50950
62.20,-19.98350,-20.01881,-19.98183,-22.50950
62.40,-19.98341,-20.01882,-19.98183,-22.50950
62.60,-19.98333,-20.01882,-19.98182,-22.50950
62.80,-19.98325,-20.01883,-19.98182,-22.50950
63.00,-19.98317,-20.01883,-19.98181,-22.50950
63.20,-19.98309,-20.01883,-19.98181,-22.50950
63.40,-19.98301,-20.01884,-19.98180,-22.50950
63.60,-19.98294,-20.01884,-19.98180,-22.50950
63.80,-19.98287,-20.01885,-19.98179,-22.50950
64.00,-19.98279,-20.01885,-19.98179,-22.50950
64.20,-19.98273,-20.01885,-19.98178,-22.50950
64.40,-19.98266,-20.01886,-19.98178,-22.50950
64.60,-19.98259,-20.01886,-19.98178,-22.50950
64.80,-19.98253,-20.01886,-19.98177,-22.50950
65.00,-19.98247,-20.01887,-19.98177,-22.50950
65.20,-19.98241,-20.01887,-19.98176,-22.50950
65.40,-19.98235,-20.01887,-19.98176,-22.50950
65.60,-19.98229,-20.01888,-19.98176,-22.50950
65.80,-19.98223,-20.01888,-19.98175,-22.50950
66.00,-19.98218,-20.01888,-19.98175,-22.50950
66.20,-19.98212,-20.01889,-19.98175,-22.50950
66.40,-19.98207,-20.01889,-19.98174,-22.50950
66.60,-19.98202,-20.01889,-19.98174,-22.50950
66.80,-19.98197,-20.01889,-19.98174,-22.50950
67.00,-19.98192,-20.01890,-19.98173,-22.50950
67.20,-19.98187,-20.01890,-19.98173,-22.50950
67.40,-19.98183,-20.01890,-19.98173,-22.50950
67.60,-19.98178,-20.01890,-19.98172,-22.50950
67.80,-19.98174,-20.01891,-19.98172,-22.50950
68.00,-19.98169,-20.01891,-19.98172,-22.50950
68.20,-19.98165,-20.01891,-19.98171,-22.50950
68.40,-19.98161,-20.01891,-19.98171,-22.50950
68.60,-19.98157,-20.01892,-19.98171,-22.50950
68.80,-19.98153,-20.01892,-19.98171,-22.50950
69.00,-19.98150,-20.01892,-19.98170,-22.50950
69.20,-19.98146,-20.01892,-19.98170,-22.50950
69.40,-19.98142,-20.01892,-19.98170,-22.50950
69.60,-19.98139,-20.01893,-19.98170,-22.50950
69.80,-19.98135,-20.01893,-19.98170,-22.50950
70.00,-19.98132,-20.01893,-19.98169,-22.50950
70.20,-19.98129,-20.01893,-19.98169,-22.50950
70.40,-19.98126,-20.01893,-19.98169,-22.50950
70.60,-19.98122,-20.01893,-19.98169,-22.50950
70.80,-19.98119,-20.01894,-19.98168,-22.50950
71.00,-19.98116,-20.01894,-19.98168,-22.50950
71.20,-19.98114,-20.01894,-19.98168,-22.50950
71.40,-19.98111,-20.01894,-19.98168,-22.50950
71.60,-19.98108,-20.01894,-19.98168,-22.50950
71.80,-19.98105,-20.01894,-19.98168,-22.50950
72.00,-19.98103,-20.01895,-19.98167,-22.50950
72.20,-19.98100,-20.01895,-19.98167,-22.50950
72.40,-19.98098,-20.01895,-19.98167,-22.50950
72.60,-19.98095,-20.01895,-19.98167,-22.50950
72.80,-19.98093,-20.01895,-19.98167,-22.50950
73.00,-19.98091,-20.01895,-19.98167,-22.50950
73.20,-19.98088,-20.01895,-19.98166,-22.50950
73.40,-19.98086,-20.01895,-19.98166,-22.50950
73.60,-19.98084,-20.01895,-19.98166,-22.50950
73.80,-19.98082,-20.01896,-19.98166,-22.50950
74.00,-19.98080,-20.01896,-19.98166,-22.50950
74.20,-19.98078,-20.01896,-19.98166,-22.50950
74.40,-19.98076,-20.01896,-19.98166,-22.50950
74.60,-19.98074,-20.01896,-19.98166,-22.50950
74.80,-19.98072,-20.01896,-19.98165,-22.50950
75.00,-19.98071,-20.01896,-19.98165,-22.50950
75.20,-19.98069,-20.01896,-19.98165,-22.50950
75.40,-19.98067,-20.01896,-19.98165,-22.50950
75.60,-19.98066,-20.01896,-19.98165,-22.50950
75.80,-19.98064,-20.01897,-19.98165,-22.50950
76.00,-19.98062,-20.01897,-19.98165,-22.50950
76.20,-19.98061,-20.01897,-19.98165,-22.50950
76.40,-19.98059,-20.01897,-19.98165,-22.50950
76.60,-19.98058,-20.01897,-19.98164,-22.50950
76.80,-19.98056,-20.01897,-19.98164,-22.50950
77.00,-19.98055,-20.01897,-19.98164,-22.50950
77.20,-19.98054,-20.01897,-19.98164,-22.50950
77.40,-19.98052,-20.01897,-19.98164,-22.50950
77.60,-19.98051,-20.01897,-19.98164,-22.50950
77.80,-19.98050,-20.01897,-19.98164,-22.50950
78.00,-19.98049,-20.01897,-19.98164,-22.50950
78.20,-19.98047,-20.01897,-19.98164,-22.50950
78.40,-19.98046,-20.01898,-19.98164,-22.50950
78.60,-19.98045,-20.01898,-19.98164,-22.50950
78.80,-19.98044,-20.01898,-19.98164,-22.50950
79.00,-19.98043,-20.01898,-19.98164,-22.50950
79.20,-19.98042,-20.01898,-19.98163,-22.50950
79.40,-19.98041,-20.01898,-19.98163,-22.50950
79.60,-19.98040,-20.01898,-19.98163,-22.50950
79.80,-19.98039,-20.01898,-19.98163,-22.50950
80.00,-19.98038,-20.01898,-19.98163,-22.50950
80.20,-19.98037,-20.01898,-19.98163,-22.50950
80.40,-19.98036,-20.01898,-19.98163,-22.50950
80.60,-19.98035,-20.01898,-19.98163,-22.50950
80.80,-19.98034,-20.01898,-19.98163,-22.50950
81.00,-19.98033,-20.01898,-19.98163,-22.50950
81.20,-19.98033,-20.01898,-19.98163,-22.50950
81.40,-19.98032,-20.01898,-19.98163,-22.50950
81.60,-19.98031,-20.01898,-19.98163,-22.50950
81.80,-19.98030,-20.01898,-19.98163,-22.50950
82.00,-19.98029,-20.01898,-19.98163,-22.50950
82.20,-19.98029,-20.01898,-19.98163,-22.50950
82.40,-19.98028,-20.01899,-19.98163,-22.50950
82.60,-19.98027,-20.01899,-19.98162,-22.50950
82.80,-19.98027,-20.01899,-19.98162,-22.50950
83.00,-19.98026,-20.01899,-19.98162,-22.50950
83.20,-19.98025,-20.01899,-19.98162,-22.50950
83.40,-19.98025,-20.01899,-19.98162,-22.50950
83.60,-19.98024,-20.01899,-19.98162,-22.50950
83.80,-19.98024,-20.01899,-19.98162,-22.50950
84.00,-19.98023,-20.01899,-19.98162,-22.50950
84.20,-19.98022,-20.01899,-19.98162,-22.50950
84.40,-19.98022,-20.01899,-19.98162,-22.50950
84.60,-19.98021,-20.01899,-19.98162,-22.50950
84.80,-19.98021,-20.01899,-19.98162,-22.50950
85.00,-19.98020,-20.01899,-19.98162,-22.50950
85.20,-19.98020,-20.01899,-19.98162,-22.50950
85.40,-19.98019,-20.01899,-19.98162,-22.50950
85.60,-19.98019,-20.01899,-19.98162,-22.50950
85.80,-19.98018,-20.01899,-19.98162,-22.50950
86.00,-19.98018,-20.01899,-19.98162,-22.50950
86.20,-19.98017,-20.01899,-19.98162,-22.50950
86.40,-19.98017,-20.01899,-19.98162,-22.50950
86.60,-19.98017,-20.01899,-19.98162,-22.50950
86.80,-19.98016,-20.01899,-19.98162,-22.50950
87.00,-19.98016,-20.01899,-19.98162,-22.50950
87.20,-19.98015,-20.01899,-19.98162,-22.50950
87.40,-19.98015,-20.01899,-19.98162,-22.50950
87.60,-19.98015,-20.01899,-19.98162,-22.50950
87.80,-19.98014,-20.01899,-19.98162,-22.50950
88.00,-19.98014,-20.01899,-19.98162,-22.50950
88.20,-19.98014,-20.01899,-19.98162,-22.50950
88.40,-19.98013,-20.01899,-19.98162,-22.50950
88.60,-19.98013,-20.01899,-19.98162,-22.50950
88.80,-19.98013,-20.01899,-19.98162,-22.50950
89.00,-19.98012,-20.01899,-19.98162,-22.50950
89.20,-19.98012,-20.01899,-19.98161,-22.50950
89.40,-19.98012,-20.01899,-19.98161,-22.50950
89.60,-19.98011,-20.01899,-19.98161,-22.50950
89.80,-19.98011,-20.01899,-19.98161,-22.50950
90.00,-19.98011,-20.01899,-19.98161,-22.50950
90.20,-19.98011,-20.01899,-19.98161,-22.50950
90.40,-19.98010,-20.01899,-19.98161,-22.50950
90.60,-19.98010,-20.01899,-19.98161,-22.50950
90.80,-19.98010,-20.01899,-19.98161,-22.50950
91.00,-19.98010,-20.01899,-19.98161,-22.50950
91.20,-19.98009,-20.01900,-19.98161,-22.50950
91.40,-19.98009,-20.01900,-19.98161,-22.50950
91.60,-19.98009,-20.01900,-19.98161,-22.50950
91.80,-19.98009,-20.01900,-19.98161,-22.50950
92.00,-19.98008,-20.01900,-19.98161,-22.50950
92.20,-19.98008,-20.01900,-19.98161,-22.50950
92.40,-19.98008,-20.01900,-19.98161,-22.50950
92.60,-19.98008,-20.01900,-19.98161,-22.50950
92.80,-19.98008,-20.01900,-19.98161,-22.50950
93.00,-19.98007,-20.01900,-19.98161,-22.50950
93.20,-19.98007,-20.01900,-19.98161,-22.50950
93.40,-19.98007,-20.01900,-19.98161,-22.50950
93.60,-19.98007,-20.01900,-19.98161,-22.50950
93.80,-19.98007,-20.01900,-19.98161,-22.50950
94.00,-19.98007,-20.01900,-19.98161,-22.50950
94.20,-19.98006,-20.01900,-19.98161,-22.50950
94.40,-19.98006,-20.01900,-19.98161,-22.50950
94.60,-19.98006,-20.01900,-19.98161,-22.50950
94.80,-19.98006,-20.01900,-19.98161,-22.50950
95.00,-19.98006,-20.01900,-19.98161,-22.50950
95.20,-19.98006,-20.01900,-19.98161,-22.50950
95.40,-19.98006,-20.01900,-19.98161,-22.50950
95.60,-19.98005,-20.01900,-19.98161,-22.50950
95.80,-19.98005,-20.01900,-19.98161,-22.50950
96.00,-19.98005,-20.01900,-19.98161,-22.50950
96.20,-19.98005,-20.01900,-19.98161,-22.50950
96.40,-19.98005,-20.01900,-19.98161,-22.50950
96.60,-19.98005,-20.01900,-19.98161,-22.50950
96.80,-19.98005,-20.01900,-19.98161,-22.50950
97.00,-19.98005,-20.01900,-19.98161,-22.50950
97.20,-19.98004,-20.01900,-19.98161,-22.50950
97.40,-19.98004,-20.01900,-19.98161,-22.50950
97.60,-19.98004,-20.01900,-19.98161,-22.50950
97.80,-19.98004,-20.01900,-19.98161,-22.50950
98.00,-19.98004,-20.01900,-19.98161,-22.50950
98.20,-19.98004,-20.01900,-19.98161,-22.50950
98.40,-19.98004,-20.01900,-19.98161,-22.50950
98.60,-19.98004,-20.01900,-19.98161,-22.50950
98.80,-19.98004,-20.01900,-19.98161,-22.50950
99.00,-19.98004,-20.01900,-19.98161,-22.50950
99.20,-19.98003,-20.01900,-19.98161,-22.50950
99.40,-19.98003,-20.01900,-19.98161,-22.50950
99.60,-19.98003,-20.01900,-19.98161,-22.50950
99.80,-19.98003,-20.01900,-19.98161,-22.50950
100.00,-19.98003,-20.01900,-19.98161,-22.50950
100.20,-19.98003,-20.01900,-19.98161,-22.50950
100.40,-19.98003,-20.01900,-19.98161,-22.50950
100.60,-19.98003,-20.01900,-19.98161,-22.50950
100.80,-19.98003,-20.01900,-19.98161,-22.50950
101.00,-19.98003,-20.01900,-19.98161,-22.50950
101.20,-19.98003,-20.01900,-19.98161,-22.50950
101.40,-19.98003,-20.01900,-19.98161,-22.50950
101.60,-19.98003,-20.01900,-19.98161,-22.50950
101.80,-19.98002,-20.01900,-19.98161,-22.50950
102.00,-19.98002,-20.01900,-19.98161,-22.50950
102.20,-19.98002,-20.01900,-19.98161,-22.50950
102.40,-19.98002,-20.01900,-19.98161,-22.50950
102.60,-19.98002,-20.01900,-19.98161,-22.50950
102.80,-19.98002,-20.01900,-19.98161,-22.50950
103.00,-19.98002,-20.01900,-19.98161,-22.50950
103.20,-19.98002,-20.01900,-19.98161,-22.50950
103.40,-19.98002,-20.01900,-19.98161,-22.50950
103.60,-19.98002,-20.01900,-19.98161,-22.50950
103.80,-19.98002,-20.01900,-19.98161,-22.50950
104.00,-19.98002,-20.01900,-19.98161,-22.50950
104.20,-19.98002,-20.01900,-19.98161,-22.50950
104.40,-19.98002,-20.01900,-19.98161,-22.50950
104.60,-19.98002,-20.01900,-19.98161,-22.50950
104.80,-19.98002,-20.01900,-19.98161,-22.50950
105.00,-19.98002,-20.01900,-19.98161,-22.50950
105.20,-19.98002,-20.01900,-19.98161,-22.50950
105.40,-19.98002,-20.01900,-19.98161,-22.50950
105.60,-19.98002,-20.01900,-19.98161,-22.50950
105.80,-19.98002,-20.01900,-19.98161,-22.50950
106.00,-19.98001,-20.01900,-19.98161,-22.50950
106.20,-19.98001,-20.01900,-19.98161,-22.50950
106.40,-19.98001,-20.01900,-19.98161,-22.50950
106.60,-19.98001,-20.01900,-19.98161,-22.50950
106.80,-19.98001,-20.01900,-19.98161,-22.50950
107.00,-19.98001,-20.01900,-19.98161,-22.50950
107.20,-19.98001,-20.01900,-19.98161,-22.50950
107.40,-19.98001,-20.01900,-19.98161,-22.50950
107.60,-19.98001,-20.01900,-19.98161,-22.50950
107.80,-19.98001,-20.01900,-19.98161,-22.50950
108.00,-19.98001,-20.01900,-19.98161,-22.50950
108.20,-19.98001,-20.01900,-19.98161,-22.50950
108.40,-19.98001,-20.01900,-19.98161,-22.50950
108.60,-19.98001,-20.01900,-19.98161,-22.50950
108.80,-19.98001,-20.01900,-19.98161,-22.50950
109.00,-19.98001,-20.01900,-19.98161,-22.50950
109.20,-19.98001,-20.01900,-19.98161,-22.50950
109.40,-19.98001,-20.01900,-19.98161,-22.50950
109.60,-19.98001,-20.01900,-19.98161,-22.50950
109.80,-19.98001,-20.01900,-19.98161,-22.50950
110.00,-19.98001,-20.01900,-19.98161,-22.50950
110.20,-19.98001,-20.01900,-19.98161,-22.50950
110.40,-19.98001,-20.01900,-19.98161,-22.50950
110.60,-19.98001,-20.01900,-19.98161,-22.50950
110.80,-19.98001,-20.01900,-19.98161,-22.50950
111.00,-19.98001,-20.01900,-19.98161,-22.50950
111.20,-19.98001,-20.01900,-19.98161,-22.50950
111.40,-19.98001,-20.01900,-19.98161,-22.50950
111.60,-19.98001,-20.01900,-19.98161,-22.50950
111.80,-19.98001,-20.01900,-19.98161,-22.50950
112.00,-19.98001,-20.01900,-19.98161,-22.50950
112.20,-19.98001,-20.01900,-19.98161,-22.50950
112.40,-19.98001,-20.01900,-19.98161,-22.50950
112.60,-19.98001,-20.01900,-19.98161,-22.50950
112.80,-19.98001,-20.01900,-19.98161,-22.50950
113.00,-19.98001,-20.01900,-19.98161,-22.50950
113.20,-19.98001,-20.01900,-19.98161,-22.50950
113.40,-19.98001,-20.01900,-19.98161,-22.50950
113.60,-19.98001,-20.01900,-19.98161,-22.50950
113.80,-19.98001,-20.01900,-19.98161,-22.50950
114.00,-19.98001,-20.01900,-19.98161,-22.50950
114.20,-19.98001,-20.01900,-19.98161,-22.50950
114.40,-19.98001,-20.01900,-19.98161,-22.50950
114.60,-19.98001,-20.01900,-19.98161,-22.50950
114.80,-19.98000,-20.01900,-19.98161,-22.50950
115.00,-19.98000,-20.01900,-19.98161,-22.50950
115.20,-19.98000,-20.01900,-19.98161,-22.50950
115.40,-19.98000,-20.01900,-19.98161,-22.50950
115.60,-19.98000,-20.01900,-19.98161,-22.50950
115.80,-19.98000,-20.01900,-19.98161,-22.50950
116.00,-19.98000,-20.01900,-19.98161,-22.50950
116.20,-19.98000,-20.01900,-19.98161,-22.50950
116.40,-19.98000,-20.01900,-19.98161,-22.50950
116.60,-19.98000,-20.01900,-19.98161,-22.50950
116.80,-19.98000,-20.01900,-19.98161,-22.50950
117.00,-19.98000,-20.01900,-19.98161,-22.50950
117.20,-19.98000,-20.01900,-19.98161,-22.50950
117.40,-19.98000,-20.01900,-19.98161,-22.50950
117.60,-19.98000,-20.01900,-19.98161,-22.50950
117.80,-19.98000,-20.01900,-19.98161,-22.50950
118.00,-19.98000,-20.01900,-19.98161,-22.50950
118.20,-19.98000,-20.01900,-19.98161,-22.50950
118.40,-19.98000,-20.01900,-19.98161,-22.50950
118.60,-19.98000,-20.01900,-19.98161,-22.50950
118.80,-19.98000,-20.01900,-19.98161,-22.50950
119.00,-19.98000,-20.01900,-19.98161,-22.50950
119.20,-19.98000,-20.01900,-19.98161,-22.50950
119.40,-19.98000,-20.01900,-19.98161,-22.50950
119.60,-19.98000,-20.01900,-19.98161,-22.50950
119.80,-19.98000,-20.01900,-19.98161,-22.50950
120.00,-19.98000,-20.01900,-19.98161,-22.50950
120.20,-19.98000,-20.01900,-19.98161,-22.50950
120.40,-19.98000,-20.01900,-19.98161,-22.50950
120.60,-19.98000,-20.01900,-19.98161,-22.50950
120.80,-19.98000,-20.01900,-19.98161,-22.50950
121.00,-19.98000,-20.01900,-19.98161,-22.50950
121.20,-19.98000,-20.01900,-19.98161,-22.50950
121.40,-19.98000,-20.01900,-19.98161,-22.50950
121.60,-19.98000,-20.01900,-19.98161,-22.50950
121.80,-19.98000,-20.01900,-19.98161,-22.50950
122.00,-19.98000,-20.01900,-19.98161,-22.50950
122.20,-19.98000,-20.01900,-19.98161,-22.50950
122.40,-19.98000,-20.01900,-19.98161,-22.50950
122.60,-19.98000,-20.01900,-19.98161,-22.50950
122.80,-19.98000,-20.01900,-19.98161,-22.50950
123.00,-19.98000,-20.01900,-19.98161,-22.50950
123.20,-19.98000,-20.01900,-19.98161,-22.50950
123.40,-19.98000,-20.01900,-19.98161,-22.50950
123.60,-19.98000,-20.01900,-19.98161,-22.50950
123.80,-19.98000,-20.01900,-19.98161,-22.50950
124.00,-19.98000,-20.01900,-19.98161,-22.50950
124.20,-19.98000,-20.01900,-19.98161,-22.50950
124.40,-19.98000,-20.01900,-19.98161,-22.50950
124.60,-19.98000,-20.01900,-19.98161,-22.50950
124.80,-19.98000,-20.01900,-19.98161,-22.50950
125.00,-19.98000,-20.01900,-19.98161,-22.50950
125.20,-19.98000,-20.01900,-19.98161,-22.50950
125.40,-19.98000,-20.01900,-19.98161,-22.50950
125.60,-19.98000,-20.01900,-19.98161,-22.50950
125.80,-19.98000,-20.01900,-19.98161,-22.50950
126.00,-19.98000,-20.01900,-19.98161,-22.50950
126.20,-19.98000,-20.01900,-19.98161,-22.50950
126.40,-19.98000,-20.01900,-19.98161,-22.50950
126.60,-19.98000,-20.01900,-19.98161,-22.50950
126.80,-19.98000,-20.01900,-19.98161,-22.50950
127.00,-19.98000,-20.01900,-19.98161,-22.50950
127.20,-19.98000,-20.01900,-19.98161,-22.50950
127.40,-19.98000,-20.01900,-19.98161,-22.50950
127.60,-19.98000,-20.01900,-19.98161,-22.50950
127.80,-19.98000,-20.01900,-19.98161,-22.50950
128.00,-19.98000,-20.01900,-19.98161,-22.50950
128.20,-19.98000,-20.01900,-19.98161,-22.50950
128.40,-19.98000,-20.01900,-19.98161,-22.50950
128.60,-19.98000,-20.01900,-19.98161,-22.50950
128.80,-19.98000,-20.01900,-19.98161,-22.50950
129.00,-19.98000,-20.01900,-19.98161,-22.50950
129.20,-19.98000,-20.01900,-19.98161,-22.50950
129.40,-19.98000,-20.01900,-19.98161,-22.50950
129.60,-19.98000,-20.01900,-19.98161,-22.50950
129.80,-19.98000,-20.01900,-19.98161,-22.50950
130.00,-19.98000,-20.01900,-19.98161,-22.50950
130.20,-19.98000,-20.01900,-19.98161,-22.50950
130.40,-19.98000,-20.01900,-19.98161,-22.50950
130.60,-19.98000,-20.01900,-19.98161,-22.50950
130.80,-19.98000,-20.01900,-19.98161,-22.50950
131.00,-19.98000,-20.01900,-19.98161,-22.50950
131.20,-19.98000,-20.01900,-19.98161,-22.50950
131.40,-19.98000,-20.01900,-19.98161,-22.50950
131.60,-19.98000,-20.01900,-19.98161,-22.50950
131.80,-19.98000,-20.01900,-19.98161,-22.50950
132.00,-19.98000,-20.01900,-19.98161,-22.50950
132.20,-19.98000,-20.01900,-19.98161,-22.50950
132.40,-19.98000,-20.01900,-19.98161,-22.50950
132.60,-19.98000,-20.01900,-19.98161,-22.50950
132.80,-19.98000,-20.01900,-19.98161,-22.50950
133.00,-19.98000,-20.01900,-19.98161,-22.50950
133.20,-19.98000,-20.01900,-19.98161,-22.50950
133.40,-19.98000,-20.01900,-19.98161,-22.50950
133.60,-19.98000,-20.01900,-19.98161,-22.50950
133.80,-19.98000,-20.01900,-19.98161,-22.50950
134.00,-19.98000,-20.01900,-19.98161,-22.50950
134.20,-19.98000,-20.01900,-19.98161,-22.50950
134.40,-19.98000,-20.01900,-19.98161,-22.50950
134.60,-19.98000,-20.01900,-19.98161,-22.50950
134.80,-19.98000,-20.01900,-19.98161,-22.50950
135.00,-19.98000,-20.01900,-19.98161,-22.50950
135.20,-19.98000,-20.01900,-19.98161,-22.50950
135.40,-19.98000,-20.01900,-19.98161,-22.50950
135.60,-19.98000,-20.01900,-19.98161,-22.50950
135.80,-19.98000,-20.01900,-19.98161,-22.50950
136.00,-19.98000,-20.01900,-19.98161,-22.50950
136.20,-19.98000,-20.01900,-19.98161,-22.50950
136.40,-19.98000,-20.01900,-19.98161,-22.50950
136.60,-19.98000,-20.01900,-19.98161,-22.50950
136.80,-19.98000,-20.01900,-19.98161,-22.50950
137.00,-19.98000,-20.01900,-19.98161,-22.50950
137.20,-19.98000,-20.01900,-19.98161,-22.50950
137.40,-19.98000,-20.01900,-19.98161,-22.50950
137.60,-19.98000,-20.01900,-19.98161,-22.50950
137.80,-19.98000,-20.01900,-19.98161,-22.50950
138.00,-19.98000,-20.01900,-19.98161,-22.50950
138.20,-19.98000,-20.01900,-19.98161,-22.50950
138.40,-19.98000,-20.01900,-19.98161,-22.50950
138.60,-19.98000,-20.01900,-19.98161,-22.50950
138.80,-19.98000,-20.01900,-19.98161,-22.50950
139.00,-19.98000,-20.01900,-19.98161,-22.50950
139.20,-19.98000,-20.01900,-19.98161,-22.50950
139.40,-19.98000,-20.01900,-19.98161,-22.50950
139.60,-19.98000,-20.01900,-19.98161,-22.50950
139.80,-19.98000,-20.01900,-19.98161,-22.50950
140.00,-19.98000,-20.01900,-19.98161,-22.50950
140.20,-19.98000,-20.01900,-19.98161,-22.50950
140.40,-19.98000,-20.01900,-19.98161,-22.50950
140.60,-19.98000,-20.01900,-19.98161,-22.50950
140.80,-19.98000,-20.01900,-19.98161,-22.50950
141.00,-19.98000,-20.01900,-19.98161,-22.50950
141.20,-19.98000,-20.01900,-19.98161,-22.50950
141.40,-19.98000,-20.01900,-19.98161,-22.50950
141.60,-19.98000,-20.01900,-19.98161,-22.50950
141.80,-19.98000,-20.01900,-19.98161,-22.50950
142.00,-19.98000,-20.01900,-19.98161,-22.50950
142.20,-19.98000,-20.01900,-19.98161,-22.50950
142.40,-19.98000,-20.01900,-19.98161,-22.50950
142.60,-19.98000,-20.01900,-19.98161,-22.50950
142.80,-19.98000,-20.01900,-19.98161,-22.50950
143.00,-19.98000,-20.01900,-19.98161,-22.50950
143.20,-19.98000,-20.01900,-19.98161,-22.50950
143.40,-19.98000,-20.01900,-19.98161,-22.50950
143.60,-19.98000,-20.01900,-19.98161,-22.50950
143.80,-19.98000,-20.01900,-19.98161,-22.50950
144.00,-19.98000,-20.01900,-19.98161,-22.50950
144.20,-19.98000,-20.01900,-19.98161,-22.50950
144.40,-19.98000,-20.01900,-19.98161,-22.50950
144.60,-19.98000,-20.01900,-19.98161,-22.50950
144.80,-19.98000,-20.01900,-19.98161,-22.50950
145.00,-19.98000,-20.01900,-19.98161,-22.50950
145.20,-19.98000,-20.01900,-19.98161,-22.50950
145.40,-19.98000,-20.01900,-19.98161,-22.50950
145.60,-19.98000,-20.01900,-19.98161,-22.50950
145.80,-19.98000,-20.01900,-19.98161,-22.50950
146.00,-19.98000,-20.01900,-19.98161,-22.50950
146.20,-19.98000,-20.01900,-19.98161,-22.50950
146.40,-19.98000,-20.01900,-19.98161,-22.50950
146.60,-19.98000,-20.01900,-19.98161,-22.50950
146.80,-19.98000,-20.01900,-19.98161,-22.50950
147.00,-19.98000,-20.01900,-19.98161,-22.50950
147.20,-19.98000,-20.01900,-19.98161,-22.50950
147.40,-19.98000,-20.01900,-19.98161,-22.50950
147.60,-19.98000,-20.01900,-19.98161,-22.50950
147.80,-19.98000,-20.01900,-19.98161,-22.50950
148.00,-19.98000,-20.01900,-19.98161,-22.50950
148.20,-19.98000,-20.01900,-19.98161,-22.50950
148.40,-19.98000,-20.01900,-19.98161,-22.50950
148.60,-19.98000,-20.01900,-19.98161,-22.50950
148.80,-19.98000,-20.01900,-19.98161,-22.50950
149.00,-19.98000,-20.01900,-19.98161,-22.50950
149.20,-19.98000,-20.01900,-19.98161,-22.50950
149.40,-19.98000,-20.01900,-19.98161,-22.50950
149.60,-19.98000,-20.01900,-19.98161,-22.50950
149.80,-19.98000,-20.01900,-19.98161,-22.50950
