# Rth_K_per_W,Cth_J_per_K,required_W,overshoot_pct,settle_s,ss_err_K
1.200,3.200,37.500,0.000,-1.000,9.00000
1.200,4.000,37.500,0.000,-1.000,9.00000
1.200,4.800,37.500,0.000,-1.000,9.00000
1.600,3.200,28.125,0.000,16.720,0.00240
1.600,4.000,28.125,0.018,19.260,-0.00800
1.600,4.800,28.125,0.000,22.160,0.00160
2.000,3.200,22.500,0.007,13.180,-0.00300
2.000,4.000,22.500,0.042,13.980,-0.01900
2.000,4.800,22.500,0.084,14.820,-0.01403
2.400,3.200,18.750,0.027,12.040,-0.01200
2.400,4.000,18.750,0.056,12.520,-0.01357
2.400,4.800,18.750,0.148,12.860,-0.01320
2.800,3.200,16.071,0.041,11.260,-0.01840
2.800,4.000,16.071,0.057,11.560,-0.00238
2.800,4.800,16.071,0.227,13.320,0.01940
