# Kp_W_per_K,Ki_W_per_K_s,aw_mode,overshoot_pct,settle_s,ss_err_K,sat_s
2.500,0.6250,0,28.063,41.440,-0.01875,25.780
2.500,0.6250,1,0.000,19.920,0.01875,6.800
2.500,1.2500,0,29.967,39.800,0.01700,29.400
2.500,1.2500,1,1.340,17.120,0.02400,7.460
2.500,2.5000,0,30.656,48.380,0.02100,33.500
2.500,2.5000,1,2.616,21.320,0.01000,8.720
2.500,5.0000,0,30.947,90.080,-0.00087,49.380
2.500,5.0000,1,2.993,38.900,0.00343,9.760
5.000,0.6250,0,25.370,61.100,-0.02271,22.440
5.000,0.6250,1,0.000,39.000,0.02275,8.800
5.000,1.2500,0,29.066,45.620,-0.02150,27.500
5.000,1.2500,1,0.000,22.600,0.02150,8.800
5.000,2.5000,0,30.307,37.000,0.02000,30.280
5.000,2.5000,1,0.042,13.980,-0.01900,8.840
5.000,5.0000,0,30.796,41.900,-0.00422,33.600
5.000,5.0000,1,1.088,15.100,0.00395,9.420
8.000,0.6250,0,21.745,79.580,-0.01376,19.440
8.000,0.6250,1,0.000,52.760,0.02136,9.720
8.000,1.2500,0,27.761,56.180,0.00398,25.360
8.000,1.2500,1,0.010,30.760,-0.00450,9.720
8.000,2.5000,0,29.837,43.680,-0.00865,29.120
8.000,2.5000,1,0.056,19.600,-0.00018,9.720
8.000,5.0000,0,30.600,37.400,-0.02400,31.100
8.000,5.0000,1,0.063,13.900,0.00475,9.720
12.000,0.6250,0,17.487,102.900,-0.02045,16.920
12.000,0.6250,1,0.021,67.720,0.01233,10.260
12.000,1.2500,0,25.696,68.960,0.00149,22.840
12.000,1.2500,1,0.021,38.880,0.02398,10.260
12.000,2.5000,0,29.119,50.680,-0.02300,27.620
12.000,2.5000,1,0.033,24.040,-0.01500,10.260
12.000,5.0000,0,30.321,42.340,0.00400,30.320
12.000,5.0000,1,0.023,17.680,0.01200,10.260
